{
  "type": "ESTP",
  "primary4FType": "Fight",
  "bigFiveResponses": {
    "openness": 0.7050000000000001,
    "conscientiousness": 0.17225,
    "extraversion": 0.87,
    "agreeableness": 0.35250000000000004,
    "neuroticism": 0.32999999999999996
  }
}