{
  "type": "ESTP",
  "primary4FType": "Fight",
  "bigFiveResponses": {
    "openness": 0.5710000000000001,
    "conscientiousness": 0.34975,
    "extraversion": 0.8675,
    "agreeableness": 0.40249999999999997,
    "neuroticism": 0.41000000000000003
  }
}