{
  "type": "INFJ",
  "primary4FType": "Fawn",
  "bigFiveResponses": {
    "openness": 0.7720000000000001,
    "conscientiousness": 0.58925,
    "extraversion": 0.6625,
    "agreeableness": 0.9924999999999999,
    "neuroticism": 0.38249999999999995
  }
}