{
  "type": "ENTP",
  "primary4FType": "Fight",
  "bigFiveResponses": {
    "openness": 0.781,
    "conscientiousness": 0.34075,
    "extraversion": 0.9175,
    "agreeableness": 0.6375000000000001,
    "neuroticism": 0.29500000000000004
  }
}