{
  "type": "ENFJ",
  "primary4FType": "Fawn",
  "bigFiveResponses": {
    "openness": 0.7680000000000001,
    "conscientiousness": 0.75125,
    "extraversion": 0.7925,
    "agreeableness": 0.7999999999999999,
    "neuroticism": 0.49250000000000005
  }
}