{
  "type": "ENTP",
  "primary4FType": "Fight",
  "bigFiveResponses": {
    "openness": 1,
    "conscientiousness": 0.4795,
    "extraversion": 0.8674999999999999,
    "agreeableness": 0.6299999999999999,
    "neuroticism": 0.14750000000000002
  }
}