{
  "type": "ENFP",
  "primary4FType": "Flight",
  "bigFiveResponses": {
    "openness": 0.8170000000000001,
    "conscientiousness": 0.5982500000000001,
    "extraversion": 0.59,
    "agreeableness": 0.8049999999999999,
    "neuroticism": 0.8800000000000001
  }
}