{
  "type": "ENTP",
  "primary4FType": "Fight",
  "bigFiveResponses": {
    "openness": 0.6789999999999999,
    "conscientiousness": 0.39749999999999996,
    "extraversion": 0.7675000000000001,
    "agreeableness": 0.51,
    "neuroticism": 0.1325
  }
}