{
  "type": "ISFP",
  "primary4FType": "Flight",
  "bigFiveResponses": {
    "openness": 0.4051646209920856,
    "conscientiousness": 0.768,
    "extraversion": 0.24460374050970893,
    "agreeableness": 0.5755962809088022,
    "neuroticism": 0.8
  }
}