{
  "type": "ENTP",
  "primary4FType": "Fight",
  "bigFiveResponses": {
    "openness": 0.9010000000000001,
    "conscientiousness": 0.46599999999999997,
    "extraversion": 0.66,
    "agreeableness": 0.23249999999999998,
    "neuroticism": 0.5075
  }
}