{
  "type": "ENTP",
  "primary4FType": "Fight",
  "bigFiveResponses": {
    "openness": 0.8330000000000001,
    "conscientiousness": 0.54625,
    "extraversion": 0.7975,
    "agreeableness": 0.5674999999999999,
    "neuroticism": 0.38499999999999995
  }
}